{
  "siteInfo": {
    "title": "Need For Groove OS 1.0",
    "logo": "Need For Groove",
    "copyright": "(C) 2024 N4G",
    "description": "DJ Duo from New York City - Specializing in House, Techno & Underground Electronic"
  },
  "members": [
    {
      "id": "member_01",
      "name": "Alex Rodriguez",
      "origin": "Brooklyn, NY",
      "specialty": "Deep House, Minimal Techno",
      "equipment": "Pioneer CDJ-3000, DJM-900",
      "yearsActive": 8,
      "status": "online"
    },
    {
      "id": "member_02",
      "name": "Jordan Chen",
      "origin": "Manhattan, NY",
      "specialty": "Progressive House, Melodic Techno",
      "equipment": "Technics 1210, Xone:96",
      "yearsActive": 6,
      "status": "online"
    }
  ],
  "story": {
    "title": "ORIGIN_STORY",
    "content": "Two underground DJs from NYC's warehouse scene joined forces in 2019, combining their distinct styles to create the Need For Groove experience. From basement parties in Brooklyn to rooftop sessions in Manhattan, they've built a reputation for seamless back-to-back sets that blur the lines between deep house and techno."
  },
  "djSets": [
    {
      "title": "WAREHOUSE SESSION #003",
      "details": "Brooklyn Underground · 2024",
      "duration": "01:32:45",
      "thumbnail": "https://images.pexels.com/photos/1105666/pexels-photo-1105666.jpeg?auto=compress&cs=tinysrgb&w=400&h=225",
      "url": "#"
    },
    {
      "title": "ROOFTOP SESSIONS MANHATTAN",
      "details": "Live B2B Set · 2024",
      "duration": "02:15:30",
      "thumbnail": "https://images.pexels.com/photos/2747449/pexels-photo-2747449.jpeg?auto=compress&cs=tinysrgb&w=400&h=225",
      "url": "#"
    },
    {
      "title": "AFTER HOURS MIX",
      "details": "Deep House Journey · 2024",
      "duration": "01:45:20",
      "thumbnail": "https://images.pexels.com/photos/2603464/pexels-photo-2603464.jpeg?auto=compress&cs=tinysrgb&w=400&h=225",
      "url": "#"
    },
    {
      "title": "ELECTRIC DAISY NYC",
      "details": "Festival Main Stage · 2023",
      "duration": "01:20:15",
      "thumbnail": "https://images.pexels.com/photos/1797415/pexels-photo-1797415.jpeg?auto=compress&cs=tinysrgb&w=400&h=225",
      "url": "#"
    }
  ],
  "podcasts": [
    {
      "episode": "EP.012",
      "title": "Underground NYC Vol. 12",
      "date": "2024-06-15"
    },
    {
      "episode": "EP.011",
      "title": "Brooklyn After Dark",
      "date": "2024-06-01"
    }
  ],
  "bookings": [
    {
      "date": "15 JUN 2025",
      "venue": "BASEMENT",
      "location": "BROOKLYN, NY",
      "type": "WAREHOUSE",
      "status": "confirmed"
    },
    {
      "date": "22 JUN 2025",
      "venue": "HOUSE OF YES",
      "location": "BROOKLYN, NY",
      "type": "CLUB",
      "status": "confirmed"
    },
    {
      "date": "29 JUN 2025",
      "venue": "AVANT GARDNER",
      "location": "BROOKLYN, NY",
      "type": "FESTIVAL",
      "status": "pending"
    },
    {
      "date": "06 JUL 2025",
      "venue": "GOOD ROOM",
      "location": "BROOKLYN, NY",
      "type": "CLUB",
      "status": "confirmed"
    },
    {
      "date": "13 JUL 2025",
      "venue": "BROOKLYN MIRAGE",
      "location": "BROOKLYN, NY",
      "type": "OUTDOOR",
      "status": "confirmed"
    }
  ],
  "releases": [
    {
      "title": "Underground NYC EP",
      "label": "Brooklyn Records",
      "year": "2024",
      "cover": "https://images.pexels.com/photos/167491/pexels-photo-167491.jpeg?auto=compress&cs=tinysrgb&w=300&h=300",
      "url": "#"
    },
    {
      "title": "Deep Sessions Vol. 1",
      "label": "Warehouse Music",
      "year": "2023",
      "cover": "https://images.pexels.com/photos/1105666/pexels-photo-1105666.jpeg?auto=compress&cs=tinysrgb&w=300&h=300",
      "url": "#"
    },
    {
      "title": "Night Groove",
      "label": "NYC Underground",
      "year": "2023",
      "cover": "https://images.pexels.com/photos/1190298/pexels-photo-1190298.jpeg?auto=compress&cs=tinysrgb&w=300&h=300",
      "url": "#"
    }
  ],
  "mixes": [
    {
      "name": "Underground NYC Podcast",
      "description": "Monthly deep dive into NYC's underground scene",
      "icon": "🎵"
    },
    {
      "name": "Warehouse Sessions",
      "description": "Live recordings from Brooklyn warehouse parties",
      "icon": "🎵"
    },
    {
      "name": "After Hours Mix",
      "description": "Deep house journeys for the late night crowd",
      "icon": "🎵"
    }
  ],
  "contact": {
    "bookings": {
      "email": "bookings@needforgroove.com",
      "phone": "+1 (347) 555-GROOVE"
    },
    "management": {
      "email": "management@needforgroove.com",
      "company": "NYC Underground Management"
    },
    "press": {
      "email": "press@needforgroove.com",
      "note": "Electronic Press Kit Available"
    }
  },
  "socialLinks": [
    {
      "name": "Instagram",
      "url": "https://instagram.com/needforgroove"
    },
    {
      "name": "SoundCloud",
      "url": "https://soundcloud.com/needforgroove"
    },
    {
      "name": "Mixcloud",
      "url": "https://mixcloud.com/needforgroove"
    },
    {
      "name": "YouTube",
      "url": "https://youtube.com/needforgroove"
    },
    {
      "name": "Spotify",
      "url": "https://spotify.com/artist/needforgroove"
    },
    {
      "name": "Beatport",
      "url": "https://beatport.com/artist/needforgroove"
    }
  ]
}